2022-02-06,stare
2022-02-07,crept
2022-02-08,miser
2022-02-09,koala
2022-02-10,haydn
2022-02-11,cheer
2022-02-12,ahead
2022-02-13,bleed
2022-02-14,andre
2022-02-15,hesse
2022-02-16,await
2022-02-17,gouge
2022-02-18,erect
2022-02-19,tight
2022-02-20,topic
2022-02-21,board
2022-02-22,inlet
2022-02-23,mayer
2022-02-24,bawdy
2022-02-25,being
2022-02-26,vacuo
2022-02-27,depot
2022-02-28,boson
2022-03-01,yaqui
2022-03-02,chloe
2022-03-03,setup
2022-03-04,jowly
2022-03-05,deity
2022-03-06,break
2022-03-07,exalt
2022-03-08,verge
2022-03-09,orbit
2022-03-10,meier
2022-03-11,vinyl
2022-03-12,scarf
2022-03-13,norma
2022-03-14,pound
2022-03-15,flick
2022-03-16,rhino
2022-03-17,mcgee
2022-03-18,gloom
2022-03-19,depth
2022-03-20,sonar
2022-03-21,bluff
2022-03-22,cilia
2022-03-23,aisle
2022-03-24,simla
2022-03-25,fifty
2022-03-26,trait
2022-03-27,emile
2022-03-28,venus
2022-03-29,petal
2022-03-30,chaff
2022-03-31,proud
2022-04-01,karma
2022-04-02,penis
2022-04-03,blimp
2022-04-04,choke
2022-04-05,eject
2022-04-06,rhode
2022-04-07,bosch
2022-04-08,torus
2022-04-09,dense
2022-04-10,perch
2022-04-11,allow
2022-04-12,versa
2022-04-13,vixen
2022-04-14,doyle
2022-04-15,ranch
2022-04-16,garry
2022-04-17,finny
2022-04-18,reign
2022-04-19,tramp
2022-04-20,wield
2022-04-21,injun
2022-04-22,biggs
2022-04-23,alike
2022-04-24,brood
2022-04-25,deign
2022-04-26,chump
2022-04-27,caper
2022-04-28,vichy
2022-04-29,slimy
2022-04-30,quart
2022-05-01,doria
2022-05-02,roger
2022-05-03,sammy
2022-05-04,frick
2022-05-05,sonic
2022-05-06,bison
2022-05-07,shear
2022-05-08,filch
2022-05-09,knoll
2022-05-10,inman
2022-05-11,boyce
2022-05-12,spoon
2022-05-13,olson
2022-05-14,prism
2022-05-15,syria
2022-05-16,quaff
2022-05-17,moral
2022-05-18,glean
2022-05-19,mooch
2022-05-20,elope
2022-05-21,trace
2022-05-22,venom
2022-05-23,demur
2022-05-24,stork
2022-05-25,waite
2022-05-26,shake
2022-05-27,focal
2022-05-28,touch
2022-05-29,evans
2022-05-30,alive
2022-05-31,axiom
2022-06-01,astor
2022-06-02,banal
2022-06-03,stake
2022-06-04,acrid
2022-06-05,sloan
2022-06-06,lucas
2022-06-07,maxim
2022-06-08,proof
2022-06-09,point
2022-06-10,splat
2022-06-11,tonal
2022-06-12,start
2022-06-13,leigh
2022-06-14,sauna
2022-06-15,snort
2022-06-16,piggy
2022-06-17,kazoo
2022-06-18,twist
2022-06-19,blest
2022-06-20,pliny
2022-06-21,bunch
2022-06-22,parsi
2022-06-23,scant
2022-06-24,pobox
2022-06-25,boris
2022-06-26,wolfe
2022-06-27,troff
2022-06-28,skimp
2022-06-29,bezel
2022-06-30,druid
2022-07-01,lange
2022-07-02,runic
2022-07-03,stahl
2022-07-04,grape
2022-07-05,apple
2022-07-06,craze
2022-07-07,swelt
2022-07-08,taper
2022-07-09,barre
2022-07-10,elfin
2022-07-11,salty
2022-07-12,stiff
2022-07-13,fungi
2022-07-14,berne
2022-07-15,avoid
2022-07-16,stock
2022-07-17,glaze
2022-07-18,lefty
2022-07-19,blaze
2022-07-20,stein
2022-07-21,pence
2022-07-22,basil
2022-07-23,shrub
2022-07-24,decca
2022-07-25,choir
2022-07-26,gecko
2022-07-27,grebe
2022-07-28,cameo
2022-07-29,robot
2022-07-30,blare
2022-07-31,affix
2022-08-01,warty
2022-08-02,ayers
2022-08-03,expel
2022-08-04,grout
2022-08-05,nonce
2022-08-06,waldo
2022-08-07,shoji
2022-08-08,auger
2022-08-09,creep
2022-08-10,mario
2022-08-11,debby
2022-08-12,rouge
2022-08-13,spire
2022-08-14,usher
2022-08-15,slang
2022-08-16,money
2022-08-17,prank
2022-08-18,beard
2022-08-19,crore
2022-08-20,magma
2022-08-21,style
2022-08-22,drunk
2022-08-23,slung
2022-08-24,hefty
2022-08-25,plump
2022-08-26,idyll
2022-08-27,csnet
2022-08-28,ecole
2022-08-29,conic
2022-08-30,sidle
2022-08-31,genoa
2022-09-01,papal
2022-09-02,osaka
2022-09-03,visit
2022-09-04,nymph
2022-09-05,tutor
2022-09-06,mound
2022-09-07,tansy
2022-09-08,thrum
2022-09-09,swank
2022-09-10,chick
2022-09-11,blast
2022-09-12,lotus
2022-09-13,obese
2022-09-14,giant
2022-09-15,scoff
2022-09-16,buteo
2022-09-17,scent
2022-09-18,creek
2022-09-19,siege
2022-09-20,volvo
2022-09-21,dacca
2022-09-22,honky
2022-09-23,fifth
2022-09-24,stead
2022-09-25,anglo
2022-09-26,hobbs
2022-09-27,axial
2022-09-28,tilde
2022-09-29,coupe
2022-09-30,moran
2022-10-01,moore
2022-10-02,cajun
2022-10-03,cycad
2022-10-04,sinew
2022-10-05,pleat
2022-10-06,solve
2022-10-07,amaze
2022-10-08,catch
2022-10-09,kneel
2022-10-10,terre
2022-10-11,third
2022-10-12,puree
2022-10-13,equip
2022-10-14,stall
2022-10-15,janet
2022-10-16,smash
2022-10-17,butyl
2022-10-18,zaire
2022-10-19,charm
2022-10-20,taiga
2022-10-21,ocean
2022-10-22,radon
2022-10-23,amuse
2022-10-24,aback
2022-10-25,jazzy
2022-10-26,augur
2022-10-27,knelt
2022-10-28,banjo
2022-10-29,malta
2022-10-30,keith
2022-10-31,rabbi
2022-11-01,jacob
2022-11-02,foyer
2022-11-03,nylon
2022-11-04,trust
2022-11-05,viola
2022-11-06,knife
2022-11-07,adopt
2022-11-08,effie
2022-11-09,drove
2022-11-10,jerry
2022-11-11,saint
2022-11-12,kapok
2022-11-13,lenin
2022-11-14,shaft
2022-11-15,hotel
2022-11-16,steak
2022-11-17,spoof
2022-11-18,worth
2022-11-19,octal
2022-11-20,forth
2022-11-21,quail
2022-11-22,cleat
2022-11-23,urban
2022-11-24,circe
2022-11-25,delhi
2022-11-26,edgar
2022-11-27,shone
2022-11-28,sykes
2022-11-29,macho
2022-11-30,cease
2022-12-01,freud
2022-12-02,frank
2022-12-03,pewee
2022-12-04,ditch
2022-12-05,cuzco
2022-12-06,wafer
2022-12-07,parse
2022-12-08,agate
2022-12-09,comic
2022-12-10,lapse
2022-12-11,sepia
2022-12-12,prado
2022-12-13,beret
2022-12-14,riven
2022-12-15,amply
2022-12-16,groat
2022-12-17,fancy
2022-12-18,range
2022-12-19,juice
2022-12-20,lofty
2022-12-21,inter
2022-12-22,shish
2022-12-23,amort
2022-12-24,tacit
2022-12-25,party
2022-12-26,cairo
2022-12-27,dread
2022-12-28,cinch
2022-12-29,sever
2022-12-30,tulip
2022-12-31,vouch
2023-01-01,labia
2023-01-02,swipe
2023-01-03,hydra
2023-01-04,adult
2023-01-05,vocal
2023-01-06,u.s.a
2023-01-07,habib
2023-01-08,rummy
2023-01-09,pivot
2023-01-10,psych
2023-01-11,bruit
2023-01-12,notch
2023-01-13,unary
2023-01-14,trail
2023-01-15,carlo
2023-01-16,house
2023-01-17,amble
2023-01-18,cyrus
2023-01-19,siren
2023-01-20,aries
2023-01-21,chill
2023-01-22,harsh
2023-01-23,twine
2023-01-24,engle
2023-01-25,loamy
2023-01-26,vicky
2023-01-27,inset
2023-01-28,waive
2023-01-29,agony
2023-01-30,thumb
2023-01-31,bylaw
2023-02-01,write
2023-02-02,gauzy
2023-02-03,cider
2023-02-04,cramp
2023-02-05,erich
2023-02-06,sault
2023-02-07,addle
2023-02-08,rough
2023-02-09,ozone
2023-02-10,cross
2023-02-11,holst
2023-02-12,aruba
2023-02-13,peace
2023-02-14,badge
2023-02-15,carry
2023-02-16,upset
2023-02-17,bless
2023-02-18,swede
2023-02-19,queue
2023-02-20,decoy
2023-02-21,growl
2023-02-22,white
2023-02-23,screw
2023-02-24,wrist
2023-02-25,weber
2023-02-26,mulch
2023-02-27,jaime
2023-02-28,swath
2023-03-01,stony
2023-03-02,asset
2023-03-03,among
2023-03-04,coors
2023-03-05,canon
2023-03-06,dobbs
2023-03-07,muzak
2023-03-08,river
2023-03-09,shako
2023-03-10,judas
2023-03-11,poppy
2023-03-12,grass
2023-03-13,ulcer
2023-03-14,patsy
2023-03-15,mugho
2023-03-16,lurid
2023-03-17,curio
2023-03-18,hatch
2023-03-19,moist
2023-03-20,happy
2023-03-21,wholl
2023-03-22,beryl
2023-03-23,tyson
2023-03-24,wreak
2023-03-25,froth
2023-03-26,mayst
2023-03-27,greet
2023-03-28,dante
2023-03-29,cream
2023-03-30,stray
2023-03-31,legal
2023-04-01,sheet
2023-04-02,shown
2023-04-03,canal
2023-04-04,sweet
2023-04-05,singe
2023-04-06,debar
2023-04-07,arden
2023-04-08,pratt
2023-04-09,muddy
2023-04-10,goofy
2023-04-11,agnes
2023-04-12,aerie
2023-04-13,adobe
2023-04-14,belie
2023-04-15,passe
2023-04-16,shirk
2023-04-17,joule
2023-04-18,clang
2023-04-19,tater
2023-04-20,jimmy
2023-04-21,batch
2023-04-22,bleat
2023-04-23,parch
2023-04-24,actor
2023-04-25,place
2023-04-26,hagen
2023-04-27,perez
2023-04-28,gauze
2023-04-29,paint
2023-04-30,sudan
2023-05-01,mavis
2023-05-02,whoop
2023-05-03,inure
2023-05-04,idiot
2023-05-05,limbo
2023-05-06,playa
2023-05-07,chili
2023-05-08,angry
2023-05-09,marry
2023-05-10,clink
2023-05-11,blunt
2023-05-12,tripe
2023-05-13,aloof
2023-05-14,stick
2023-05-15,royce
2023-05-16,pushy
2023-05-17,facet
2023-05-18,waltz
2023-05-19,cavil
2023-05-20,pablo
2023-05-21,focus
2023-05-22,tampa
2023-05-23,winch
2023-05-24,riley
2023-05-25,crude
2023-05-26,unite
2023-05-27,kinky
2023-05-28,araby
2023-05-29,polio
2023-05-30,shade
2023-05-31,cheek
2023-06-01,decry
2023-06-02,spume
2023-06-03,build
2023-06-04,ruben
2023-06-05,savoy
2023-06-06,roach
2023-06-07,botch
2023-06-08,klaus
2023-06-09,sheer
2023-06-10,swart
2023-06-11,smear
2023-06-12,ladle
2023-06-13,chore
2023-06-14,ouzel
2023-06-15,thine
2023-06-16,exile
2023-06-17,whelm
2023-06-18,dingy
2023-06-19,coast
2023-06-20,spark
2023-06-21,ninth
2023-06-22,prexy
2023-06-23,flint
2023-06-24,abbas
2023-06-25,coypu
2023-06-26,fritz
2023-06-27,jenny
2023-06-28,liken
2023-06-29,baden
2023-06-30,saxon
2023-07-01,gland
2023-07-02,getty
2023-07-03,crave
2023-07-04,slime
2023-07-05,plaza
2023-07-06,allis
2023-07-07,throb
2023-07-08,inert
2023-07-09,latch
2023-07-10,never
2023-07-11,heinz
2023-07-12,crowd
2023-07-13,washy
2023-07-14,pusey
2023-07-15,sorry
2023-07-16,creon
2023-07-17,titan
2023-07-18,cleft
2023-07-19,knick
2023-07-20,staid
2023-07-21,arena
2023-07-22,cabal
2023-07-23,smirk
2023-07-24,holly
2023-07-25,brawl
2023-07-26,shelf
2023-07-27,clerk
2023-07-28,rubin
2023-07-29,maple
2023-07-30,avian
2023-07-31,blinn
2023-08-01,gates
2023-08-02,cecil
2023-08-03,lathe
2023-08-04,broil
2023-08-05,gummy
2023-08-06,value
2023-08-07,drink
2023-08-08,brest
2023-08-09,optic
2023-08-10,pussy
2023-08-11,aloft
2023-08-12,gonad
2023-08-13,cagey
2023-08-14,gerry
2023-08-15,heavy
2023-08-16,peggy
2023-08-17,pique
2023-08-18,droll
2023-08-19,akers
2023-08-20,mommy
2023-08-21,solon
2023-08-22,greer
2023-08-23,piano
2023-08-24,dizzy
2023-08-25,video
2023-08-26,pepsi
2023-08-27,tooth
2023-08-28,bloke
2023-08-29,arrow
2023-08-30,slake
2023-08-31,stark
2023-09-01,etude
2023-09-02,draco
2023-09-03,nadir
2023-09-04,rocky
2023-09-05,sulfa
2023-09-06,lusty
2023-09-07,eaten
2023-09-08,sperm
2023-09-09,adieu
2023-09-10,plead
2023-09-11,wring
2023-09-12,sepal
2023-09-13,gumbo
2023-09-14,lapel
2023-09-15,tilth
2023-09-16,chock
2023-09-17,dunce
2023-09-18,culpa
2023-09-19,theta
2023-09-20,veldt
2023-09-21,xenon
2023-09-22,world
2023-09-23,hydro
2023-09-24,blood
2023-09-25,grunt
2023-09-26,usual
2023-09-27,santo
2023-09-28,taxon
2023-09-29,polar
2023-09-30,shine
2023-10-01,troll
2023-10-02,kirov
2023-10-03,march
2023-10-04,hines
2023-10-05,diary
2023-10-06,polis
2023-10-07,tasty
2023-10-08,nudge
2023-10-09,avery
2023-10-10,whirl
2023-10-11,tioga
2023-10-12,padre
2023-10-13,sleek
2023-10-14,bandy
2023-10-15,chine
2023-10-16,flyer
2023-10-17,defer
2023-10-18,vacua
2023-10-19,llama
2023-10-20,glass
2023-10-21,samba
2023-10-22,omaha
2023-10-23,flock
2023-10-24,somal
2023-10-25,yalta
2023-10-26,annie
2023-10-27,swell
2023-10-28,lisle
2023-10-29,wolff
2023-10-30,admit
2023-10-31,junta
2023-11-01,yokel
2023-11-02,lager
2023-11-03,flown
2023-11-04,niece
2023-11-05,susie
2023-11-06,amber
2023-11-07,gould
2023-11-08,fiske
2023-11-09,covet
2023-11-10,hobby
2023-11-11,steen
2023-11-12,quinn
2023-11-13,edwin
2023-11-14,tommy
2023-11-15,soupy
2023-11-16,raise
2023-11-17,julie
2023-11-18,wolve
2023-11-19,zesty
2023-11-20,elide
2023-11-21,phone
2023-11-22,eagan
2023-11-23,drawl
2023-11-24,aegis
2023-11-25,query
2023-11-26,brush
2023-11-27,kline
2023-11-28,gleam
2023-11-29,tangy
2023-11-30,parry
2023-12-01,digit
2023-12-02,spine
2023-12-03,while
2023-12-04,ababa
2023-12-05,byron
2023-12-06,savvy
2023-12-07,runny
2023-12-08,ferry
2023-12-09,taint
2023-12-10,siena
2023-12-11,broom
2023-12-12,niger
2023-12-13,fairy
2023-12-14,shift
2023-12-15,berea
2023-12-16,abase
2023-12-17,shave
2023-12-18,scuba
2023-12-19,hilum
2023-12-20,drone
2023-12-21,clasp
2023-12-22,scaup
2023-12-23,bantu
2023-12-24,dally
2023-12-25,kodak
2023-12-26,posse
2023-12-27,loess
2023-12-28,damon
2023-12-29,frock
2023-12-30,rural
2023-12-31,onion
2024-01-01,baggy
2024-01-02,vowel
2024-01-03,hadnt
2024-01-04,saucy
2024-01-05,fetid
2024-01-06,agent
2024-01-07,eaton
2024-01-08,monel
2024-01-09,haifa
2024-01-10,ashen
2024-01-11,modal
2024-01-12,steam
2024-01-13,randy
2024-01-14,sedge
2024-01-15,libel
2024-01-16,incur
2024-01-17,scowl
2024-01-18,fresh
2024-01-19,leona
2024-01-20,coset
2024-01-21,hairy
2024-01-22,abyss
2024-01-23,anvil
2024-01-24,batik
2024-01-25,pulse
2024-01-26,annex
2024-01-27,snoop
2024-01-28,phase
2024-01-29,pluto
2024-01-30,couch
2024-01-31,align
2024-02-01,grate
2024-02-02,vance
2024-02-03,birth
2024-02-04,north
2024-02-05,shaky
2024-02-06,fudge
2024-02-07,trout
2024-02-08,gorse
2024-02-09,burma
2024-02-10,otter
2024-02-11,brown
2024-02-12,celia
2024-02-13,fiend
2024-02-14,saran
2024-02-15,quash
2024-02-16,taken
2024-02-17,chute
2024-02-18,balsa
2024-02-19,jones
2024-02-20,diego
2024-02-21,cobol
2024-02-22,luzon
2024-02-23,betty
2024-02-24,peste
2024-02-25,rhine
2024-02-26,drown
2024-02-27,gamin
2024-02-28,chart
2024-02-29,booth
2024-03-01,graff
2024-03-02,scuff
2024-03-03,piotr
2024-03-04,exude
2024-03-05,motet
2024-03-06,manor
2024-03-07,borne
2024-03-08,repel
2024-03-09,accra
2024-03-10,lanka
2024-03-11,guano
2024-03-12,spore
2024-03-13,garth
2024-03-14,carte
2024-03-15,print
2024-03-16,hooch
2024-03-17,artie
2024-03-18,loath
2024-03-19,women
2024-03-20,taste
2024-03-21,guild
2024-03-22,magic
2024-03-23,surly
2024-03-24,lever
2024-03-25,debit
2024-03-26,leery
2024-03-27,kabul
2024-03-28,about
2024-03-29,press
2024-03-30,thatd
2024-03-31,mater
2024-04-01,humus
2024-04-02,stack
2024-04-03,whatd
2024-04-04,squaw
2024-04-05,solid
2024-04-06,brace
2024-04-07,droop
2024-04-08,howdy
2024-04-09,lykes
2024-04-10,friar
2024-04-11,water
2024-04-12,meant
2024-04-13,assai
2024-04-14,treat
2024-04-15,suave
2024-04-16,crete
2024-04-17,jewel
2024-04-18,furze
2024-04-19,cohen
2024-04-20,cowan
2024-04-21,wyeth
2024-04-22,deane
2024-04-23,gunky
2024-04-24,tibet
2024-04-25,whose
2024-04-26,katie
2024-04-27,chalk
2024-04-28,devon
2024-04-29,widen
2024-04-30,snuff
2024-05-01,carob
2024-05-02,burtt
2024-05-03,chunk
2024-05-04,groom
2024-05-05,waste
2024-05-06,music
2024-05-07,ethel
2024-05-08,yeast
2024-05-09,blame
2024-05-10,gimpy
2024-05-11,barry
2024-05-12,aides
2024-05-13,gauss
2024-05-14,caret
2024-05-15,sleet
2024-05-16,spite
2024-05-17,scull
2024-05-18,cause
2024-05-19,wacke
2024-05-20,shame
2024-05-21,pyrex
2024-05-22,luger
2024-05-23,linda
2024-05-24,toxic
2024-05-25,speck
2024-05-26,cubic
2024-05-27,plume
2024-05-28,colic
2024-05-29,mecum
2024-05-30,putty
2024-05-31,tepid
2024-06-01,umbra
2024-06-02,rebel
2024-06-03,irate
2024-06-04,lucia
2024-06-05,bator
2024-06-06,volta
2024-06-07,naacp
2024-06-08,dodge
2024-06-09,livid
2024-06-10,mucus
2024-06-11,genre
2024-06-12,merck
2024-06-13,grata
2024-06-14,iraqi
2024-06-15,scare
2024-06-16,glade
2024-06-17,alien
2024-06-18,enoch
2024-06-19,cindy
2024-06-20,hague
2024-06-21,helga
2024-06-22,strap
2024-06-23,latin
2024-06-24,mural
2024-06-25,moldy
2024-06-26,shawl
2024-06-27,brunt
2024-06-28,lance
2024-06-29,usury
2024-06-30,foray
2024-07-01,sinai
2024-07-02,percy
2024-07-03,styli
2024-07-04,ideal
2024-07-05,skiff
2024-07-06,flail
2024-07-07,space
2024-07-08,jacky
2024-07-09,sworn
2024-07-10,pause
2024-07-11,dirge
2024-07-12,dowel
2024-07-13,copra
2024-07-14,skein
2024-07-15,suite
2024-07-16,sober
2024-07-17,plunk
2024-07-18,youth
2024-07-19,morel
2024-07-20,dhabi
2024-07-21,trade
2024-07-22,laura
2024-07-23,jelly
2024-07-24,chair
2024-07-25,dolce
2024-07-26,dream
2024-07-27,drift
2024-07-28,handy
2024-07-29,rufus
2024-07-30,lagos
2024-07-31,fitch
2024-08-01,leapt
2024-08-02,sable
2024-08-03,uncle
2024-08-04,caine
2024-08-05,villa
2024-08-06,cloth
2024-08-07,acute
2024-08-08,medic
2024-08-09,tatty
2024-08-10,pauli
2024-08-11,shirt
2024-08-12,ethos
2024-08-13,dowry
2024-08-14,vying
2024-08-15,aural
2024-08-16,kudzu
2024-08-17,hound
2024-08-18,objet
2024-08-19,henry
2024-08-20,carol
2024-08-21,kitty
2024-08-22,meter
2024-08-23,latus
2024-08-24,payne
2024-08-25,hater
2024-08-26,swamp
2024-08-27,chewy
2024-08-28,flack
2024-08-29,penna
2024-08-30,guile
2024-08-31,shall
2024-09-01,rhyme
2024-09-02,shale
2024-09-03,beget
2024-09-04,tecum
2024-09-05,spoke
2024-09-06,infer
2024-09-07,scrap
2024-09-08,brent
2024-09-09,regal
2024-09-10,shuck
2024-09-11,chord
2024-09-12,perth
2024-09-13,shout
2024-09-14,embed
2024-09-15,raven
2024-09-16,juror
2024-09-17,slave
2024-09-18,haiti
2024-09-19,sense
2024-09-20,toefl
2024-09-21,boise
2024-09-22,flush
2024-09-23,fault
2024-09-24,chang
2024-09-25,breed
2024-09-26,deere
2024-09-27,envoy
2024-09-28,drawn
2024-09-29,lynch
2024-09-30,chevy
2024-10-01,snook
2024-10-02,blush
2024-10-03,shank
2024-10-04,annoy
2024-10-05,rouse
2024-10-06,eight
2024-10-07,awoke
2024-10-08,rogue
2024-10-09,aleck
2024-10-10,bauer
2024-10-11,smelt
2024-10-12,short
2024-10-13,final
2024-10-14,wispy
2024-10-15,skeet
2024-10-16,coral
2024-10-17,gavin
2024-10-18,bulky
2024-10-19,dairy
2024-10-20,raoul
2024-10-21,edith
2024-10-22,lousy
2024-10-23,lithe
2024-10-24,beady
2024-10-25,dylan
2024-10-26,spend
2024-10-27,smoky
2024-10-28,eagle
2024-10-29,swarm
2024-10-30,algol
2024-10-31,burke
2024-11-01,faith
2024-11-02,trial
2024-11-03,graph
2024-11-04,widow
2024-11-05,chive
2024-11-06,huron
2024-11-07,valve
2024-11-08,ghana
2024-11-09,stern
2024-11-10,osier
2024-11-11,anise
2024-11-12,pansy
2024-11-13,where
2024-11-14,rivet
2024-11-15,salem
2024-11-16,elder
2024-11-17,chard
2024-11-18,grump
2024-11-19,burch
2024-11-20,zomba
2024-11-21,draft
2024-11-22,model
2024-11-23,mouth
2024-11-24,abash
2024-11-25,still
2024-11-26,ellen
2024-11-27,hamal
2024-11-28,groan
2024-11-29,beebe
2024-11-30,began
2024-12-01,sooth
2024-12-02,goren
2024-12-03,moody
2024-12-04,decay
2024-12-05,doris
2024-12-06,ernie
2024-12-07,raman
2024-12-08,tipsy
2024-12-09,hokan
2024-12-10,hiram
2024-12-11,eerie
2024-12-12,amino
2024-12-13,terry
2024-12-14,odium
2024-12-15,amman
2024-12-16,david
2024-12-17,tacky
2024-12-18,duffy
2024-12-19,pizza
2024-12-20,bream
2024-12-21,hedge
2024-12-22,jumbo
2024-12-23,swine
2024-12-24,brave
2024-12-25,wyatt
2024-12-26,tonic
2024-12-27,balmy
2024-12-28,ceres
2024-12-29,tower
2024-12-30,right
2024-12-31,civil
2025-01-01,douse
2025-01-02,rally
2025-01-03,adore
2025-01-04,multi
2025-01-05,yacht
2025-01-06,serum
2025-01-07,harry
2025-01-08,zebra
2025-01-09,nasal
2025-01-10,tippy
2025-01-11,oxide
2025-01-12,sieve
2025-01-13,magog
2025-01-14,elton
2025-01-15,dewey
2025-01-16,paris
2025-01-17,bourn
2025-01-18,sling
2025-01-19,beast
2025-01-20,epoch
2025-01-21,below
2025-01-22,scope
2025-01-23,divan
2025-01-24,young
2025-01-25,peony
2025-01-26,cycle
2025-01-27,proxy
2025-01-28,cubit
2025-01-29,laugh
2025-01-30,diety
2025-01-31,feces
2025-02-01,angel
2025-02-02,scorn
2025-02-03,stilt
2025-02-04,malay
2025-02-05,whelp
2025-02-06,sadie
2025-02-07,paula
2025-02-08,stage
2025-02-09,congo
2025-02-10,tulsa
2025-02-11,plaid
2025-02-12,slurp
2025-02-13,aorta
2025-02-14,boast
2025-02-15,mitre
2025-02-16,minim
2025-02-17,argon
2025-02-18,andes
2025-02-19,gorky
2025-02-20,youll
2025-02-21,sloop
2025-02-22,crepe
2025-02-23,rumen
2025-02-24,baron
2025-02-25,bambi
2025-02-26,quote
2025-02-27,czech
2025-02-28,cetus
2025-03-01,tweak
2025-03-02,allyn
2025-03-03,cheap
2025-03-04,barge
2025-03-05,weary
2025-03-06,event
2025-03-07,adler
2025-03-08,walla
2025-03-09,cling
2025-03-10,situs
2025-03-11,spain
2025-03-12,front
2025-03-13,aleph
2025-03-14,decor
2025-03-15,brake
2025-03-16,bumpy
2025-03-17,sheik
2025-03-18,again
2025-03-19,stunk
2025-03-20,queen
2025-03-21,annul
2025-03-22,fling
2025-03-23,julio
2025-03-24,tanya
2025-03-25,swear
2025-03-26,realm
2025-03-27,drama
2025-03-28,tinge
2025-03-29,motor
2025-03-30,dogma
2025-03-31,spurn
2025-04-01,scarp
2025-04-02,addis
2025-04-03,filly
2025-04-04,aaron
2025-04-05,abuse
2025-04-06,infra
2025-04-07,dixon
2025-04-08,steel
2025-04-09,mossy
2025-04-10,chink
2025-04-11,soapy
2025-04-12,sheep
2025-04-13,bizet
2025-04-14,chafe
2025-04-15,quirk
2025-04-16,shire
2025-04-17,blanc
2025-04-18,truce
2025-04-19,enemy
2025-04-20,plane
2025-04-21,rajah
2025-04-22,chide
2025-04-23,franz
2025-04-24,inlay
2025-04-25,until
2025-04-26,pupil
2025-04-27,bryce
2025-04-28,sheaf
2025-04-29,mabel
2025-04-30,fence
2025-05-01,slope
2025-05-02,spare
2025-05-03,typic
2025-05-04,quell
2025-05-05,ohmic
2025-05-06,cover
2025-05-07,manse
2025-05-08,cabot
2025-05-09,hindi
2025-05-10,glide
2025-05-11,drill
2025-05-12,loire
2025-05-13,laban
2025-05-14,gusto
2025-05-15,imbue
2025-05-16,alley
2025-05-17,eager
2025-05-18,briny
2025-05-19,terse
2025-05-20,hello
2025-05-21,girth
2025-05-22,whelk
2025-05-23,inapt
2025-05-24,glyph
2025-05-25,horse
2025-05-26,clara
2025-05-27,croon
2025-05-28,nepal
2025-05-29,eliot
2025-05-30,trump
2025-05-31,criss
2025-06-01,gloat
2025-06-02,linen
2025-06-03,creed
2025-06-04,lowry
2025-06-05,mirth
2025-06-06,impel
2025-06-07,mafia
2025-06-08,hunch
2025-06-09,meaty
2025-06-10,saudi
2025-06-11,crump
2025-06-12,panel
2025-06-13,green
2025-06-14,rival
2025-06-15,verde
2025-06-16,lemon
2025-06-17,mckee
2025-06-18,husky
2025-06-19,lydia
2025-06-20,equal
2025-06-21,ketch
2025-06-22,rutty
2025-06-23,vetch
2025-06-24,tread
2025-06-25,bossy
2025-06-26,ester
2025-06-27,bette
2025-06-28,bruce
2025-06-29,pecos
2025-06-30,bogus
2025-07-01,corey
2025-07-02,cedar
2025-07-03,cozen
2025-07-04,junco
2025-07-05,tress
2025-07-06,hasty
2025-07-07,betsy
2025-07-08,leeds
2025-07-09,foamy
2025-07-10,sound
2025-07-11,viper
2025-07-12,hetty
2025-07-13,elgin
2025-07-14,merry
2025-07-15,poole
2025-07-16,claim
2025-07-17,knurl
2025-07-18,brisk
2025-07-19,teeth
2025-07-20,elect
2025-07-21,molar
2025-07-22,buggy
2025-07-23,heron
2025-07-24,tiber
2025-07-25,jiffy
2025-07-26,glory
2025-07-27,agave
2025-07-28,farce
2025-07-29,award
2025-07-30,wishy
2025-07-31,prowl
2025-08-01,italy
2025-08-02,basal
2025-08-03,verve
2025-08-04,tinny
2025-08-05,alice
2025-08-06,hager
2025-08-07,fusty
2025-08-08,wound
2025-08-09,slack
2025-08-10,pagan
2025-08-11,krebs
2025-08-12,guise
2025-08-13,brute
2025-08-14,vogel
2025-08-15,spool
2025-08-16,known
2025-08-17,audit
2025-08-18,ozark
2025-08-19,neigh
2025-08-20,rheum
2025-08-21,quirt
2025-08-22,gregg
2025-08-23,babel
2025-08-24,skunk
2025-08-25,dully
2025-08-26,marco
2025-08-27,pixel
2025-08-28,sybil
2025-08-29,meiji
2025-08-30,alias
2025-08-31,mobil
2025-09-01,hanna
2025-09-02,vague
2025-09-03,creak
2025-09-04,sarah
2025-09-05,louis
2025-09-06,notre
2025-09-07,calla
2025-09-08,pater
2025-09-09,posey
2025-09-10,ising
2025-09-11,beaux
2025-09-12,sweat
2025-09-13,demit
2025-09-14,hying
2025-09-15,split
2025-09-16,guest
2025-09-17,midas
2025-09-18,gripe
2025-09-19,smite
2025-09-20,didnt
2025-09-21,class
2025-09-22,zloty
2025-09-23,durer
2025-09-24,denny
2025-09-25,tempo
2025-09-26,mousy
2025-09-27,pitch
2025-09-28,cocoa
2025-09-29,moser
2025-09-30,fermi
2025-10-01,waals
2025-10-02,chain
2025-10-03,prune
2025-10-04,khmer
2025-10-05,chaos
2025-10-06,floor
2025-10-07,fugue
2025-10-08,manic
2025-10-09,ohare
2025-10-10,romeo
2025-10-11,kruse
2025-10-12,diode
2025-10-13,lemma
2025-10-14,clove
2025-10-15,stalk
2025-10-16,hayes
2025-10-17,booby
2025-10-18,burst
2025-10-19,shoal
2025-10-20,locke
2025-10-21,candy
2025-10-22,allen
2025-10-23,frost
2025-10-24,basso
2025-10-25,organ
2025-10-26,truss
2025-10-27,grown
2025-10-28,graze
2025-10-29,nehru
2025-10-30,alarm
2025-10-31,igloo
2025-11-01,brook
2025-11-02,minsk
2025-11-03,pilot
2025-11-04,chasm
2025-11-05,madam
2025-11-06,bugle
2025-11-07,phony
2025-11-08,fluid
2025-11-09,tweed
2025-11-10,motif
2025-11-11,degum
2025-11-12,gamut
2025-11-13,viral
2025-11-14,amigo
2025-11-15,minus
2025-11-16,eddie
2025-11-17,deter
2025-11-18,jukes
2025-11-19,delia
2025-11-20,mizar
2025-11-21,error
2025-11-22,shady
2025-11-23,keats
2025-11-24,jorge
2025-11-25,theme
2025-11-26,alibi
2025-11-27,lucid
2025-11-28,fatty
2025-11-29,qualm
2025-11-30,ankle
2025-12-01,hubby
2025-12-02,foote
2025-12-03,plumb
2025-12-04,staff
2025-12-05,gassy
2025-12-06,twill
2025-12-07,burro
2025-12-08,great
2025-12-09,lilly
2025-12-10,twirl
2025-12-11,worry
2025-12-12,pampa
2025-12-13,bravo
2025-12-14,valid
2025-12-15,hence
2025-12-16,kirby
2025-12-17,flout
2025-12-18,freya
2025-12-19,julia
2025-12-20,grade
2025-12-21,rainy
2025-12-22,unify
2025-12-23,stoat
2025-12-24,cobra
2025-12-25,staph
2025-12-26,matte
2025-12-27,media
2025-12-28,angus
2025-12-29,noble
2025-12-30,drool
2025-12-31,fever
2026-01-01,lyman
2026-01-02,aspen
2026-01-03,reedy
2026-01-04,syrup
2026-01-05,wince
2026-01-06,climb
2026-01-07,limit
2026-01-08,haste
2026-01-09,bongo
2026-01-10,rooky
2026-01-11,major
2026-01-12,modem
2026-01-13,quest
2026-01-14,coven
2026-01-15,bacon
2026-01-16,greek
2026-01-17,josef
2026-01-18,fluke
2026-01-19,spice
2026-01-20,lucky
2026-01-21,healy
2026-01-22,pease
2026-01-23,shrew
2026-01-24,crumb
2026-01-25,psalm
2026-01-26,flirt
2026-01-27,benny
2026-01-28,login
2026-01-29,evict
2026-01-30,toast
2026-01-31,allah
2026-02-01,boron
2026-02-02,there
2026-02-03,bloop
2026-02-04,spiky
2026-02-05,talon
2026-02-06,crone
2026-02-07,radii
2026-02-08,trudy
2026-02-09,fatal
2026-02-10,linus
2026-02-11,peale
2026-02-12,onset
2026-02-13,brine
2026-02-14,crisp
2026-02-15,piety
2026-02-16,algal
2026-02-17,lying
2026-02-18,demon
2026-02-19,ryder
2026-02-20,curry
2026-02-21,wreck
2026-02-22,atone
2026-02-23,hutch
2026-02-24,dandy
2026-02-25,calyx
2026-02-26,adair
2026-02-27,share
2026-02-28,elver
2026-03-01,snick
2026-03-02,carne
2026-03-03,vogue
2026-03-04,geode
2026-03-05,hoard
2026-03-06,pooch
2026-03-07,julep
2026-03-08,gauge
2026-03-09,shari
2026-03-10,blurt
2026-03-11,wotan
2026-03-12,zilch
2026-03-13,offer
2026-03-14,loris
2026-03-15,local
2026-03-16,troop
2026-03-17,mummy
2026-03-18,bound
2026-03-19,waken
2026-03-20,marin
2026-03-21,usurp
2026-03-22,erase
2026-03-23,snowy
2026-03-24,anent
2026-03-25,hindu
2026-03-26,blink
2026-03-27,weave
2026-03-28,halma
2026-03-29,baton
2026-03-30,buzzy
2026-03-31,punch
2026-04-01,jason
2026-04-02,micro
2026-04-03,chile
2026-04-04,picky
2026-04-05,clamp
2026-04-06,havoc
2026-04-07,papua
2026-04-08,tempt
2026-04-09,novae
2026-04-10,exact
2026-04-11,snore
2026-04-12,henri
2026-04-13,wormy
2026-04-14,poesy
2026-04-15,large
2026-04-16,lotte
2026-04-17,olsen
2026-04-18,flynn
2026-04-19,cache
2026-04-20,porto
2026-04-21,swing
2026-04-22,whine
2026-04-23,swirl
2026-04-24,cabin
2026-04-25,amide
2026-04-26,slink
2026-04-27,anita
2026-04-28,stupa
2026-04-29,lobar
2026-04-30,darry
2026-05-01,entry
2026-05-02,prima
2026-05-03,begot
2026-05-04,roman
2026-05-05,allan
2026-05-06,blitz
2026-05-07,begun
2026-05-08,patti
2026-05-09,fruit
2026-05-10,flare
2026-05-11,seamy
2026-05-12,tribe
2026-05-13,calve
2026-05-14,shook
2026-05-15,harem
2026-05-16,peach
2026-05-17,thick
2026-05-18,arise
2026-05-19,clive
2026-05-20,potts
2026-05-21,adapt
2026-05-22,detat
2026-05-23,roast
2026-05-24,steer
2026-05-25,craig
2026-05-26,haney
2026-05-27,joyce
2026-05-28,steve
2026-05-29,snail
2026-05-30,dietz
2026-05-31,fetus
2026-06-01,maine
2026-06-02,gravy
2026-06-03,clock
2026-06-04,truly
2026-06-05,aloud
2026-06-06,tibia
2026-06-07,whisk
2026-06-08,cargo
2026-06-09,beset
2026-06-10,nancy
2026-06-11,sofia
2026-06-12,goode
2026-06-13,skulk
2026-06-14,skull
2026-06-15,stink
2026-06-16,aphid
2026-06-17,table
2026-06-18,adorn
2026-06-19,guide
2026-06-20,honey
2026-06-21,yeats
2026-06-22,bosom
2026-06-23,dater
2026-06-24,brief
2026-06-25,faint
2026-06-26,vinci
2026-06-27,scion
2026-06-28,crack
2026-06-29,devil
2026-06-30,canna
2026-07-01,their
2026-07-02,ghost
2026-07-03,leash
2026-07-04,whole
2026-07-05,rater
2026-07-06,grant
2026-07-07,pecan
2026-07-08,spurt
2026-07-09,rever
2026-07-10,wayne
2026-07-11,dirac
2026-07-12,satin
2026-07-13,tunic
2026-07-14,monic
2026-07-15,salon
2026-07-16,dusty
2026-07-17,cress
2026-07-18,walsh
2026-07-19,euler
2026-07-20,danny
2026-07-21,krill
2026-07-22,reich
2026-07-23,bowel
2026-07-24,lopez
2026-07-25,bowie
2026-07-26,fovea
2026-07-27,kajar
2026-07-28,route
2026-07-29,dwyer
2026-07-30,floyd
2026-07-31,cocky
2026-08-01,iliad
2026-08-02,plato
2026-08-03,hyena
2026-08-04,fishy
2026-08-05,itchy
2026-08-06,cloak
2026-08-07,occur
2026-08-08,chase
2026-08-09,bible
2026-08-10,alamo
2026-08-11,wilma
2026-08-12,glint
2026-08-13,radar
2026-08-14,emily
2026-08-15,clomp
2026-08-16,wheel
2026-08-17,tense
2026-08-18,metal
2026-08-19,quick
2026-08-20,force
2026-08-21,irony
2026-08-22,nikko
2026-08-23,extol
2026-08-24,hoagy
2026-08-25,apart
2026-08-26,annum
2026-08-27,mange
2026-08-28,nodal
2026-08-29,degas
2026-08-30,lucre
2026-08-31,spent
2026-09-01,swish
2026-09-02,torch
2026-09-03,ralph
2026-09-04,edict
2026-09-05,brink
2026-09-06,attic
2026-09-07,enter
2026-09-08,alder
2026-09-09,belch
2026-09-10,prime
2026-09-11,rabat
2026-09-12,mardi
2026-09-13,jumpy
2026-09-14,regis
2026-09-15,macro
2026-09-16,flute
2026-09-17,newel
2026-09-18,thigh
2026-09-19,laden
2026-09-20,sixth
2026-09-21,civet
2026-09-22,weiss
2026-09-23,noisy
2026-09-24,argus
2026-09-25,yodel
2026-09-26,basel
2026-09-27,hough
2026-09-28,oxeye
2026-09-29,broad
2026-09-30,medea
2026-10-01,alsop
2026-10-02,bread
2026-10-03,fleck
2026-10-04,silty
2026-10-05,giddy
2026-10-06,oshea
2026-10-07,blank
2026-10-08,leroy
2026-10-09,spear
2026-10-10,squid
2026-10-11,scour
2026-10-12,chest
2026-10-13,xylem
2026-10-14,bonze
2026-10-15,deify
2026-10-16,soggy
2026-10-17,libra
2026-10-18,brady
2026-10-19,gulch
2026-10-20,nawab
2026-10-21,twice
2026-10-22,angst
2026-10-23,algae
2026-10-24,grimm
2026-10-25,rabin
2026-10-26,lemur
2026-10-27,issue
2026-10-28,wyner
2026-10-29,would
2026-10-30,bayda
2026-10-31,tunis
2026-11-01,alert
2026-11-02,boggy
2026-11-03,rifle
2026-11-04,timon
2026-11-05,tahoe
2026-11-06,datum
2026-11-07,jesus
2026-11-08,ingot
2026-11-09,woman
2026-11-10,hiatt
2026-11-11,ampex
2026-11-12,molly
2026-11-13,bella
2026-11-14,haiku
2026-11-15,knead
2026-11-16,conch
2026-11-17,croft
2026-11-18,anger
2026-11-19,skill
2026-11-20,pappy
2026-11-21,chess
2026-11-22,pusan
2026-11-23,bryan
2026-11-24,gnash
2026-11-25,gabon
2026-11-26,molal
2026-11-27,gamma
2026-11-28,musty
2026-11-29,stacy
2026-11-30,pinch
2026-12-01,coney
2026-12-02,hover
2026-12-03,token
2026-12-04,russo
2026-12-05,elena
2026-12-06,totem
2026-12-07,whorl
2026-12-08,anton
2026-12-09,kulak
2026-12-10,feint
2026-12-11,larry
2026-12-12,dinah
2026-12-13,refer
2026-12-14,barth
2026-12-15,cotta
2026-12-16,every
2026-12-17,tally
2026-12-18,mecca
2026-12-19,opera
2026-12-20,befog
2026-12-21,locus
2026-12-22,asher
2026-12-23,tapis
2026-12-24,eater
2026-12-25,plank
2026-12-26,miami
2026-12-27,sleep
2026-12-28,stair
2026-12-29,salle
2026-12-30,swiss
2026-12-31,apron
2027-01-01,kafka
2027-01-02,spicy
2027-01-03,small
2027-01-04,flame
2027-01-05,chris
2027-01-06,vital
2027-01-07,bayou
2027-01-08,bring
2027-01-09,strip
2027-01-10,meson
2027-01-11,lease
2027-01-12,patio
2027-01-13,clash
2027-01-14,super
2027-01-15,haley
2027-01-16,judge
2027-01-17,forgo
2027-01-18,ethyl
2027-01-19,curie
2027-01-20,fahey
2027-01-21,croak
2027-01-22,costa
2027-01-23,heath
2027-01-24,along
2027-01-25,elmer
2027-01-26,virus
2027-01-27,lasso
2027-01-28,broke
2027-01-29,scoop
2027-01-30,snafu
2027-01-31,naiad
2027-02-01,elite
2027-02-02,story
2027-02-03,curia
2027-02-04,quern
2027-02-05,vaduz
2027-02-06,spasm
2027-02-07,testy
2027-02-08,becky
2027-02-09,ample
2027-02-10,court
2027-02-11,ervin
2027-02-12,blade
2027-02-13,panty
2027-02-14,verne
2027-02-15,canny
2027-02-16,serve
2027-02-17,edify
2027-02-18,bully
2027-02-19,proto
2027-02-20,douce
2027-02-21,irvin
2027-02-22,tizzy
2027-02-23,verse
2027-02-24,grill
2027-02-25,ducat
2027-02-26,ascii
2027-02-27,petit
2027-02-28,trend
2027-03-01,stout
2027-03-02,guess
2027-03-03,welsh
2027-03-04,bract
2027-03-05,theyd
2027-03-06,booky
2027-03-07,pluck
2027-03-08,iliac
2027-03-09,pasty
2027-03-10,mateo
2027-03-11,midge
2027-03-12,meyer
2027-03-13,loeil
2027-03-14,cater
2027-03-15,minos
2027-03-16,bathe
2027-03-17,lamar
2027-03-18,armco
2027-03-19,abhor
2027-03-20,quite
2027-03-21,wrong
2027-03-22,crypt
2027-03-23,abram
2027-03-24,aloha
2027-03-25,berra
2027-03-26,selma
2027-03-27,oasis
2027-03-28,servo
2027-03-29,mania
2027-03-30,sachs
2027-03-31,braun
2027-04-01,gemma
2027-04-02,bitch
2027-04-03,della
2027-04-04,fuchs
2027-04-05,cadet
2027-04-06,dolan
2027-04-07,unity
2027-04-08,heart
2027-04-09,nubia
2027-04-10,truth
2027-04-11,booze
2027-04-12,merle
2027-04-13,braid
2027-04-14,crock
2027-04-15,peter
2027-04-16,sword
2027-04-17,mealy
2027-04-18,dumpy
2027-04-19,shill
2027-04-20,helen
2027-04-21,shunt
2027-04-22,steep
2027-04-23,virgo
2027-04-24,gibbs
2027-04-25,kathy
2027-04-26,erode
2027-04-27,chert
2027-04-28,idiom
2027-04-29,slain
2027-04-30,myrrh
2027-05-01,greta
2027-05-02,hurty
2027-05-03,power
2027-05-04,ileum
2027-05-05,overt
2027-05-06,erato
2027-05-07,nobel
2027-05-08,shape
2027-05-09,jolla
2027-05-10,cumin
2027-05-11,probe
2027-05-12,dummy
2027-05-13,heave
2027-05-14,marty
2027-05-15,haunt
2027-05-16,track
2027-05-17,sauce
2027-05-18,fussy
2027-05-19,glenn
2027-05-20,feign
2027-05-21,moose
2027-05-22,chuff
2027-05-23,caste
2027-05-24,stave
2027-05-25,biota
2027-05-26,boric
2027-05-27,alter
2027-05-28,gluey
2027-05-29,stole
2027-05-30,aware
2027-05-31,empty
2027-06-01,fluff
2027-06-02,burnt
2027-06-03,toady
2027-06-04,ethic
2027-06-05,essen
2027-06-06,speak
2027-06-07,brash
2027-06-08,egret
2027-06-09,vivid
2027-06-10,downy
2027-06-11,antic
2027-06-12,scott
2027-06-13,vista
2027-06-14,fiche
2027-06-15,cloud
2027-06-16,knott
2027-06-17,plate
2027-06-18,salvo
2027-06-19,order
2027-06-20,maybe
2027-06-21,cosec
2027-06-22,avail
2027-06-23,hyman
2027-06-24,peppy
2027-06-25,spout
2027-06-26,bicep
2027-06-27,utter
2027-06-28,elude
2027-06-29,dying
2027-06-30,plasm
2027-07-01,teddy
2027-07-02,buick
2027-07-03,phlox
2027-07-04,lenny
2027-07-05,farad
2027-07-06,month
2027-07-07,amity
2027-07-08,flunk
2027-07-09,black
2027-07-10,byway
2027-07-11,hilly
2027-07-12,throw
2027-07-13,arhat
2027-07-14,delay
2027-07-15,wyman
2027-07-16,these
2027-07-17,latex
2027-07-18,frown
2027-07-19,juicy
2027-07-20,array
2027-07-21,remit
2027-07-22,bundy
2027-07-23,wiley
2027-07-24,margo
2027-07-25,codex
2027-07-26,drake
2027-07-27,aesop
2027-07-28,drupe
2027-07-29,chief
2027-07-30,starr
2027-07-31,dakar
2027-08-01,willa
2027-08-02,butte
2027-08-03,isaac
2027-08-04,horde
2027-08-05,lossy
2027-08-06,fetch
2027-08-07,cathy
2027-08-08,scoot
2027-08-09,caleb
2027-08-10,pedro
2027-08-11,motto
2027-08-12,epoxy
2027-08-13,smile
2027-08-14,thule
2027-08-15,velar
2027-08-16,befit
2027-08-17,miles
2027-08-18,tidal
2027-08-19,quack
2027-08-20,freak
2027-08-21,engel
2027-08-22,avert
2027-08-23,silky
2027-08-24,ovate
2027-08-25,reese
2027-08-26,swain
2027-08-27,silly
2027-08-28,gnarl
2027-08-29,basin
2027-08-30,liana
2027-08-31,junky
2027-09-01,stash
2027-09-02,puppy
2027-09-03,kevin
2027-09-04,shiva
2027-09-05,chime
2027-09-06,whale
2027-09-07,thorn
2027-09-08,dubhe
2027-09-09,revel
2027-09-10,fiery
2027-09-11,frame
2027-09-12,deneb
2027-09-13,mazda
2027-09-14,blatz
2027-09-15,spilt
2027-09-16,mynah
2027-09-17,allay
2027-09-18,sloth
2027-09-19,scrub
2027-09-20,colon
2027-09-21,stunt
2027-09-22,stove
2027-09-23,broth
2027-09-24,hazel
2027-09-25,boone
2027-09-26,snack
2027-09-27,stuff
2027-09-28,trill
2027-09-29,comet
2027-09-30,dugan
2027-10-01,lilac
2027-10-02,arose
2027-10-03,tracy
2027-10-04,queer
2027-10-05,begat
2027-10-06,lolly
2027-10-07,radio
2027-10-08,union
2027-10-09,motel
2027-10-10,neath
2027-10-11,talus
2027-10-12,voice
2027-10-13,facto
2027-10-14,weigh
2027-10-15,rilly
2027-10-16,vodka
2027-10-17,annal
2027-10-18,mccoy
2027-10-19,wrote
2027-10-20,rhoda
2027-10-21,awash
2027-10-22,atoll
2027-10-23,irwin
2027-10-24,guard
2027-10-25,gules
2027-10-26,susan
2027-10-27,yates
2027-10-28,credo
2027-10-29,buddy
2027-10-30,prove
2027-10-31,muong
2027-11-01,splay
2027-11-02,basis
2027-11-03,swore
2027-11-04,valet
2027-11-05,debut
2027-11-06,brain
2027-11-07,dross
2027-11-08,milch
2027-11-09,gawky
2027-11-10,surge
2027-11-11,punky
2027-11-12,album
2027-11-13,punic
2027-11-14,topsy
2027-11-15,stank
2027-11-16,crust
2027-11-17,bigot
2027-11-18,paoli
2027-11-19,mount
2027-11-20,sedan
2027-11-21,renal
2027-11-22,often
2027-11-23,sturm
2027-11-24,crank
2027-11-25,kelly
2027-11-26,tenet
2027-11-27,bater
2027-11-28,merge
2027-11-29,habit
2027-11-30,satyr
2027-12-01,supra
2027-12-02,trawl
2027-12-03,boyar
2027-12-04,spell
2027-12-05,runge
2027-12-06,utile
2027-12-07,shoot
2027-12-08,sunny
2027-12-09,muggy
2027-12-10,grasp
2027-12-11,buxom
2027-12-12,trick
2027-12-13,okapi
2027-12-14,label
2027-12-15,ravel
2027-12-16,zeiss
2027-12-17,swept
2027-12-18,daffy
2027-12-19,penny
2027-12-20,drain
2027-12-21,rapid
2027-12-22,yukon
2027-12-23,daisy
2027-12-24,jesse
2027-12-25,parka
2027-12-26,leila
2027-12-27,honda
2027-12-28,quasi
2027-12-29,youre
2027-12-30,noise
2027-12-31,drive
2028-01-01,keyes
2028-01-02,bulge
2028-01-03,wuhan
2028-01-04,cupid
2028-01-05,stile
2028-01-06,admix
2028-01-07,clout
2028-01-08,skirt
2028-01-09,grimy
2028-01-10,senor
2028-01-11,pupal
2028-01-12,rigid
2028-01-13,janos
2028-01-14,felix
2028-01-15,lipid
2028-01-16,index
2028-01-17,lingo
2028-01-18,heigh
2028-01-19,livre
2028-01-20,odell
2028-01-21,fetal
2028-01-22,ought
2028-01-23,coach
2028-01-24,ernst
2028-01-25,lyric
2028-01-26,menlo
2028-01-27,tepee
2028-01-28,fight
2028-01-29,levis
2028-01-30,image
2028-01-31,xerox
2028-02-01,gloss
2028-02-02,alloy
2028-02-03,leech
2028-02-04,furry
2028-02-05,daley
2028-02-06,grove
2028-02-07,cadre
2028-02-08,nomad
2028-02-09,hondo
2028-02-10,sixty
2028-02-11,bruno
2028-02-12,eldon
2028-02-13,spree
2028-02-14,scalp
2028-02-15,shack
2028-02-16,shell
2028-02-17,oaken
2028-02-18,tying
2028-02-19,ogden
2028-02-20,frail
2028-02-21,privy
2028-02-22,waist
2028-02-23,allot
2028-02-24,spate
2028-02-25,threw
2028-02-26,ivory
2028-02-27,usage
2028-02-28,crash
2028-02-29,medal
2028-03-01,miaow
2028-03-02,blair
2028-03-03,foggy
2028-03-04,orion
2028-03-05,three
2028-03-06,poise
2028-03-07,ouvre
2028-03-08,mulct
2028-03-09,snarl
2028-03-10,logic
2028-03-11,smart
2028-03-12,light
2028-03-13,tawny
2028-03-14,monad
2028-03-15,dingo
2028-03-16,group
2028-03-17,prude
2028-03-18,lloyd
2028-03-19,rigel
2028-03-20,turin
2028-03-21,bushy
2028-03-22,tyler
2028-03-23,shred
2028-03-24,spica
2028-03-25,total
2028-03-26,klein
2028-03-27,timex
2028-03-28,evade
2028-03-29,sheen
2028-03-30,patty
2028-03-31,naked
2028-04-01,carla
2028-04-02,bronx
2028-04-03,glans
2028-04-04,knapp
2028-04-05,ponce
2028-04-06,grady
2028-04-07,kombu
2028-04-08,delve
2028-04-09,brand
2028-04-10,blend
2028-04-11,erupt
2028-04-12,yearn
2028-04-13,messy
2028-04-14,pygmy
2028-04-15,camel
2028-04-16,veery
2028-04-17,kerry
2028-04-18,davis
2028-04-19,robin
2028-04-20,bunny
2028-04-21,macon
2028-04-22,glove
2028-04-23,wrath
2028-04-24,salve
2028-04-25,quilt
2028-04-26,hippy
2028-04-27,ripen
2028-04-28,eider
2028-04-29,fable
2028-04-30,canoe
2028-05-01,loren
2028-05-02,folly
2028-05-03,ridge
2028-05-04,flora
2028-05-05,guilt
2028-05-06,allyl
2028-05-07,input
2028-05-08,argot
2028-05-09,gavel
2028-05-10,nasty
2028-05-11,clint
2028-05-12,assam
2028-05-13,lorry
2028-05-14,risky
2028-05-15,scala
2028-05-16,salad
2028-05-17,seoul
2028-05-18,flake
2028-05-19,grace
2028-05-20,gusty
2028-05-21,lurch
2028-05-22,above
2028-05-23,state
2028-05-24,merit
2028-05-25,fraud
2028-05-26,oscar
2028-05-27,ounce
2028-05-28,sharp
2028-05-29,elsie
2028-05-30,claus
2028-05-31,width
2028-06-01,intra
2028-06-02,turvy
2028-06-03,close
2028-06-04,groin
2028-06-05,crimp
2028-06-06,anion
2028-06-07,witty
2028-06-08,naomi
2028-06-09,prize
2028-06-10,south
2028-06-11,spitz
2028-06-12,crass
2028-06-13,aster
2028-06-14,check
2028-06-15,budge
2028-06-16,block
2028-06-17,afoot
2028-06-18,hogan
2028-06-19,bogey
2028-06-20,storm
2028-06-21,moses
2028-06-22,wrack
2028-06-23,carey
2028-06-24,ditto
2028-06-25,alger
2028-06-26,tarry
2028-06-27,fount
2028-06-28,panda
2028-06-29,sappy
2028-06-30,hodge
2028-07-01,prose
2028-07-02,jolly
2028-07-03,tithe
2028-07-04,grime
2028-07-05,towel
2028-07-06,ilona
2028-07-07,titus
2028-07-08,offal
2028-07-09,rusty
2028-07-10,urine
2028-07-11,upend
2028-07-12,swami
2028-07-13,dicta
2028-07-14,funny
2028-07-15,essex
2028-07-16,spiny
2028-07-17,tudor
2028-07-18,truck
2028-07-19,maria
2028-07-20,flair
2028-07-21,golly
2028-07-22,steal
2028-07-23,stoke
2028-07-24,prick
2028-07-25,estop
2028-07-26,codon
2028-07-27,exist
2028-07-28,lunar
2028-07-29,filet
2028-07-30,bloch
2028-07-31,milan
2028-08-01,filth
2028-08-02,basic
2028-08-03,ready
2028-08-04,pride
2028-08-05,alpha
2028-08-06,blind
2028-08-07,kappa
2028-08-08,train
2028-08-09,qatar
2028-08-10,logan
2028-08-11,purge
2028-08-12,emery
2028-08-13,phage
2028-08-14,trunk
2028-08-15,human
2028-08-16,lumen
2028-08-17,sushi
2028-08-18,colza
2028-08-19,bride
2028-08-20,scary
2028-08-21,clare
2028-08-22,buena
2028-08-23,serge
2028-08-24,gross
2028-08-25,razor
2028-08-26,gibby
2028-08-27,petty
2028-08-28,mouse
2028-08-29,melee
2028-08-30,froze
2028-08-31,rabid
2028-09-01,kumar
2028-09-02,larch
2028-09-03,first
2028-09-04,joust
2028-09-05,swill
2028-09-06,minor
2028-09-07,slush
2028-09-08,cyril
2028-09-09,sousa
2028-09-10,tease
2028-09-11,stuck
2028-09-12,woody
2028-09-13,elute
2028-09-14,dusky
2028-09-15,think
2028-09-16,terra
2028-09-17,verna
2028-09-18,korea
2028-09-19,libya
2028-09-20,tappa
2028-09-21,rupee
2028-09-22,royal
2028-09-23,india
2028-09-24,thong
2028-09-25,scram
2028-09-26,islam
2028-09-27,strom
2028-09-28,japan
2028-09-29,ember
2028-09-30,smith
2028-10-01,minot
2028-10-02,caddy
2028-10-03,quito
2028-10-04,gizmo
2028-10-05,blake
2028-10-06,dixie
2028-10-07,timid
2028-10-08,samoa
2028-10-09,genus
2028-10-10,sprig
2028-10-11,snare
2028-10-12,cacao
2028-10-13,spiro
2028-10-14,seedy
2028-10-15,quill
2028-10-16,round
2028-10-17,dryad
2028-10-18,learn
2028-10-19,click
2028-10-20,novel
2028-10-21,azure
2028-10-22,kraut
2028-10-23,plant
2028-10-24,crate
2028-10-25,awful
2028-10-26,jeres
2028-10-27,flour
2028-10-28,mixup
2028-10-29,store
2028-10-30,shiny
2028-10-31,bevel
2028-11-01,borax
2028-11-02,stagy
2028-11-03,geigy
2028-11-04,missy
2028-11-05,pasha
2028-11-06,alton
2028-11-07,kyoto
2028-11-08,slash
2028-11-09,scamp
2028-11-10,swoop
2028-11-11,lunge
2028-11-12,petri
2028-11-13,clime
2028-11-14,burly
2028-11-15,munch
2028-11-16,karol
2028-11-17,butch
2028-11-18,preen
2028-11-19,billy
2028-11-20,bland
2028-11-21,niche
2028-11-22,stoic
2028-11-23,sandy
2028-11-24,debra
2028-11-25,showy
2028-11-26,abide
2028-11-27,sally
2028-11-28,inept
2028-11-29,thief
2028-11-30,marie
2028-12-01,mourn
2028-12-02,leone
2028-12-03,carib
2028-12-04,clear
2028-12-05,stint
2028-12-06,pabst
2028-12-07,canis
2028-12-08,earth
2028-12-09,marcy
2028-12-10,trans
2028-12-11,delft
2028-12-12,podge
2028-12-13,spook
2028-12-14,errol
2028-12-15,skate
2028-12-16,dwarf
2028-12-17,olden
2028-12-18,sulky
2028-12-19,doric
2028-12-20,faust
2028-12-21,wendy
2028-12-22,agway
2028-12-23,mckay
2028-12-24,smack
2028-12-25,mezzo
2028-12-26,begin
2028-12-27,wrest
2028-12-28,roost
2028-12-29,mould
2028-12-30,night
2028-12-31,angie
2029-01-01,epsom
2029-01-02,alden
2029-01-03,beefy
2029-01-04,nerve
2029-01-05,genie
2029-01-06,wacky
2029-01-07,naval
2029-01-08,blurb
2029-01-09,bleak
2029-01-10,halve
2029-01-11,texan
2029-01-12,least
2029-01-13,aiken
2029-01-14,agnew
2029-01-15,levee
2029-01-16,chose
2029-01-17,count
2029-01-18,price
2029-01-19,telex
2029-01-20,shard
2029-01-21,hurst
2029-01-22,posit
2029-01-23,penal
2029-01-24,altar
2029-01-25,built
2029-01-26,cable
2029-01-27,vigil
2029-01-28,gable
2029-01-29,agree
2029-01-30,laity
2029-01-31,solar
2029-02-01,gourd
2029-02-02,woven
2029-02-03,spade
2029-02-04,peepy
2029-02-05,shock
2029-02-06,abbey
2029-02-07,exult
2029-02-08,clown
2029-02-09,cowry
2029-02-10,decal
2029-02-11,corny
2029-02-12,steed
2029-02-13,humid
2029-02-14,stale
2029-02-15,colby
2029-02-16,irene
2029-02-17,bedim
2029-02-18,rangy
2029-02-19,palsy
2029-02-20,trash
2029-02-21,assay
2029-02-22,taffy
2029-02-23,riggs
2029-02-24,grave
2029-02-25,amoco
2029-02-26,yemen
2029-02-27,venal
2029-02-28,kidde
2029-03-01,atlas
2029-03-02,hinge
2029-03-03,inane
2029-03-04,bassi
2029-03-05,wally
2029-03-06,ovary
2029-03-07,maier
2029-03-08,mamma
2029-03-09,yield
2029-03-10,drank
2029-03-11,float
2029-03-12,gaudy
2029-03-13,fecal
2029-03-14,sugar
2029-03-15,quake
2029-03-16,smoke
2029-03-17,movie
2029-03-18,worse
2029-03-19,kenya
2029-03-20,james
2029-03-21,seder
2029-03-22,scale
2029-03-23,mushy
2029-03-24,infix
2029-03-25,exxon
2029-03-26,churn
2029-03-27,hades
2029-03-28,wylie
2029-03-29,sigma
2029-03-30,clone
2029-03-31,heady
2029-04-01,emory
2029-04-02,bobby
2029-04-03,paste
2029-04-04,harpy
2029-04-05,other
2029-04-06,ledge
2029-04-07,dulse
2029-04-08,withy
2029-04-09,which
2029-04-10,flash
2029-04-11,sough
2029-04-12,retch
2029-04-13,study
2029-04-14,corps
2029-04-15,synod
2029-04-16,stomp
2029-04-17,koran
2029-04-18,lodge
2029-04-19,spawn
2029-04-20,withe
2029-04-21,risen
2029-04-22,rodeo
2029-04-23,owlet
2029-04-24,angle
2029-04-25,knock
2029-04-26,stand
2029-04-27,genii
2029-04-28,carve
2029-04-29,gully
2029-04-30,murky
2029-05-01,flung
2029-05-02,sully
2029-05-03,xhosa
2029-05-04,rosen
2029-05-05,cheat
2029-05-06,yucca
2029-05-07,opium
2029-05-08,spill
2029-05-09,cairn
2029-05-10,mango
2029-05-11,theft
2029-05-12,bonus
2029-05-13,ether
2029-05-14,nroff
2029-05-15,elbow
2029-05-16,grief
2029-05-17,audio
2029-05-18,hausa
2029-05-19,vomit
2029-05-20,forty
2029-05-21,could
2029-05-22,cigar
2029-05-23,seton
2029-05-24,janus
2029-05-25,hyper
2029-05-26,aztec
2029-05-27,breve
2029-05-28,watch
2029-05-29,galen
2029-05-30,polka
2029-05-31,horus
2029-06-01,found
2029-06-02,maori
2029-06-03,louse
2029-06-04,yoder
2029-06-05,sonny
2029-06-06,spunk
2029-06-07,porch
2029-06-08,taboo
2029-06-09,jules
2029-06-10,paddy
2029-06-11,santa
2029-06-12,later
2029-06-13,lanky
2029-06-14,toxin
2029-06-15,brice
2029-06-16,slate
2029-06-17,gorge
2029-06-18,manna
2029-06-19,clump
2029-06-20,murre
2029-06-21,leaky
2029-06-22,crane
2029-06-23,welch
2029-06-24,stamp
2029-06-25,nolan
2029-06-26,clung
2029-06-27,freon
2029-06-28,grand
2029-06-29,curve
2029-06-30,sneer
2029-07-01,panic
2029-07-02,leach
2029-07-03,mambo
2029-07-04,franc
2029-07-05,slump
2029-07-06,betel
2029-07-07,brock
2029-07-08,agile
2029-07-09,cotty
2029-07-10,midst
2029-07-11,relic
2029-07-12,arlen
2029-07-13,layup
2029-07-14,natty
2029-07-15,radix
2029-07-16,auric
2029-07-17,larva
2029-07-18,apply
2029-07-19,shore
2029-07-20,nurse
2029-07-21,davit
2029-07-22,flaky
2029-07-23,doubt
2029-07-24,adage
2029-07-25,leggy
2029-07-26,straw
2029-07-27,byrne
2029-07-28,seven
2029-07-29,norse
2029-07-30,slice
2029-07-31,perky
2029-08-01,fugal
2029-08-02,sting
2029-08-03,beige
2029-08-04,podia
2029-08-05,boost
2029-08-06,huber
2029-08-07,folio
2029-08-08,erwin
2029-08-09,fauna
2029-08-10,pithy
2029-08-11,quark
2029-08-12,hurry
2029-08-13,sight
2029-08-14,moron
2029-08-15,dress
2029-08-16,micky
2029-08-17,gator
2029-08-18,curse
2029-08-19,foist
2029-08-20,poach
2029-08-21,arent
2029-08-22,ellis
2029-08-23,surah
2029-08-24,stump
2029-08-25,bowen
2029-08-26,synge
2029-08-27,cooky
2029-08-28,tract
2029-08-29,clean
2029-08-30,lethe
2029-08-31,those
2029-09-01,croix
2029-09-02,scout
2029-09-03,score
2029-09-04,globe
2029-09-05,frill
2029-09-06,heard
2029-09-07,nifty
2029-09-08,amiss
2029-09-09,bloom
2029-09-10,argue
2029-09-11,pinto
2029-09-12,filmy
2029-09-13,grope
2029-09-14,bluet
2029-09-15,snell
2029-09-16,myron
2029-09-17,mercy
2029-09-18,fargo
2029-09-19,tulle
2029-09-20,tango
2029-09-21,craft
2029-09-22,paper
2029-09-23,boyle
2029-09-24,runty
2029-09-25,cruel
2029-09-26,casey
2029-09-27,exert
2029-09-28,snipe
2029-09-29,beach
2029-09-30,cubby
2029-10-01,photo
2029-10-02,daunt
2029-10-03,mauve
2029-10-04,grain
2029-10-05,crush
2029-10-06,might
2029-10-07,wasnt
2029-10-08,auxin
2029-10-09,sioux
2029-10-10,umber
2029-10-11,upton
2029-10-12,noose
2029-10-13,daddy
2029-10-14,scald
2029-10-15,belle
2029-10-16,canto
2029-10-17,snark
2029-10-18,windy
2029-10-19,hymen
2029-10-20,shark
2029-10-21,pouch
2029-10-22,acton
2029-10-23,trite
2029-10-24,maser
2029-10-25,ghoul
2029-10-26,drape
2029-10-27,silas
2029-10-28,taunt
2029-10-29,agone
2029-10-30,dwelt
2029-10-31,islet
2029-11-01,waxen
2029-11-02,cluck
2029-11-03,indus
2029-11-04,slant
2029-11-05,elves
2029-11-06,kiowa
2029-11-07,champ
2029-11-08,peaky
2029-11-09,hitch
2029-11-10,owens
2029-11-11,dough
2029-11-12,squad
2029-11-13,piece
2029-11-14,brant
2029-11-15,amass
2029-11-16,torah
2029-11-17,quint
2029-11-18,tiger
2029-11-19,blown
2029-11-20,melon
2029-11-21,stood
2029-11-22,geese
2029-11-23,torso
2029-11-24,comma
2029-11-25,smell
2029-11-26,loose
2029-11-27,alone
2029-11-28,frond
2029-11-29,sabra
2029-11-30,death
2029-12-01,felon
2029-12-02,chant
2029-12-03,clark
2029-12-04,perle
2029-12-05,knack
2029-12-06,pearl
2029-12-07,strop
2029-12-08,lares
2029-12-09,dozen
2029-12-10,aires
2029-12-11,nitty
2029-12-12,sumac
2029-12-13,pious
2029-12-14,evoke
2029-12-15,gaunt
2029-12-16,crony
2029-12-17,naive
2029-12-18,zazen
2029-12-19,slept
2029-12-20,aroma
2029-12-21,abort
2029-12-22,april
2029-12-23,wedge
2029-12-24,foley
2029-12-25,spray
2029-12-26,slosh
2029-12-27,grind
2029-12-28,acorn
2029-12-29,deuce
2029-12-30,dolly
2029-12-31,helix
2030-01-01,folic
2030-01-02,gypsy
2030-01-03,elegy
2030-01-04,horny
2030-01-05,slick
2030-01-06,kraft
2030-01-07,mason
2030-01-08,busch
2030-01-09,strum
2030-01-10,bench
2030-01-11,field
2030-01-12,cliff
2030-01-13,circa
2030-01-14,paulo
2030-01-15,metro
2030-01-16,since
2030-01-17,endow
2030-01-18,funky
2030-01-19,alvin
2030-01-20,title
2030-01-21,scold
2030-01-22,duane
2030-01-23,lobby
2030-01-24,milky
2030-01-25,vitro
2030-01-26,puffy
2030-01-27,glare
2030-01-28,shrug
2030-01-29,cough
2030-01-30,tapir
2030-01-31,weedy
2030-02-01,goose
2030-02-02,afire
2030-02-03,quiet
2030-02-04,fully
2030-02-05,shant
2030-02-06,berth
2030-02-07,under
2030-02-08,child
2030-02-09,omega
2030-02-10,scene
2030-02-11,arson
2030-02-12,chomp
2030-02-13,goody
2030-02-14,orate
2030-02-15,nixon
2030-02-16,amend
2030-02-17,perry
2030-02-18,plush
2030-02-19,natal
2030-02-20,briar
2030-02-21,texas
2030-02-22,lycee
2030-02-23,dealt
2030-02-24,essay
2030-02-25,cynic
2030-02-26,thyme
2030-02-27,emacs
2030-02-28,gouda
2030-03-01,sibyl
2030-03-02,thump
2030-03-03,roomy
2030-03-04,china
2030-03-05,idaho
2030-03-06,myers
2030-03-07,khaki
2030-03-08,civic
2030-03-09,beech
2030-03-10,gruff
2030-03-11,navel
2030-03-12,peril
2030-03-13,visor
2030-03-14,magna
2030-03-15,dirty
2030-03-16,clank
2030-03-17,sprue
2030-03-18,octet
2030-03-19,cooke
2030-03-20,berry
2030-03-21,monty
2030-03-22,novak
2030-03-23,grail
2030-03-24,snake
2030-03-25,caulk
2030-03-26,niobe
2030-03-27,donna
2030-03-28,rondo
2030-03-29,leave
2030-03-30,lumpy
2030-03-31,snout
2030-04-01,dwell
2030-04-02,youve
2030-04-03,booty
2030-04-04,easel
2030-04-05,slide
2030-04-06,parke
2030-04-07,flank
2030-04-08,lymph
2030-04-09,match
2030-04-10,darpa
2030-04-11,tenth
2030-04-12,vella
2030-04-13,brick
2030-04-14,needy
2030-04-15,flesh
2030-04-16,elate
2030-04-17,scaly
2030-04-18,eclat
2030-04-19,akron
2030-04-20,hovel
2030-04-21,forte
2030-04-22,kiosk
2030-04-23,ghent
2030-04-24,wharf
2030-04-25,toddy
2030-04-26,topaz
2030-04-27,gutsy
2030-04-28,crown
2030-04-29,tenon
2030-04-30,sylow
2030-05-01,talky
2030-05-02,plain
2030-05-03,derek
2030-05-04,coyly
2030-05-05,monte
2030-05-06,brass
2030-05-07,shyly
2030-05-08,smote
2030-05-09,spike
2030-05-10,belly
2030-05-11,clyde
2030-05-12,hasnt
2030-05-13,thank
2030-05-14,cacti
2030-05-15,eucre
2030-05-16,chirp
2030-05-17,whiff
2030-05-18,shove
2030-05-19,hardy
2030-05-20,tokyo
2030-05-21,diana
2030-05-22,aside
2030-05-23,saute
2030-05-24,liven
2030-05-25,joint
2030-05-26,haven
2030-05-27,dutch
2030-05-28,tough
2030-05-29,speed
2030-05-30,weird
2030-05-31,rowdy
2030-06-01,today
2030-06-02,brian
2030-06-03,sweep
2030-06-04,scops
2030-06-05,emcee
2030-06-06,drury
2030-06-07,sniff
2030-06-08,brett
2030-06-09,whore
2030-06-10,levin
2030-06-11,sneak
2030-06-12,blond
2030-06-13,crime
2030-06-14,slunk
2030-06-15,graft
2030-06-16,primp
2030-06-17,bough
2030-06-18,balky
2030-06-19,buret
2030-06-20,askew
2030-06-21,tamil
2030-06-22,bebop
2030-06-23,negro
2030-06-24,forum
2030-06-25,tuple
2030-06-26,stain
2030-06-27,heine
2030-06-28,macaw
2030-06-29,alcoa
2030-06-30,witch
2030-07-01,crazy
2030-07-02,scrim
2030-07-03,abate
2030-07-04,loyal
2030-07-05,dance
2030-07-06,binge
2030-07-07,moire
2030-07-08,baird
2030-07-09,reach
2030-07-10,stoop
2030-07-11,beman
2030-07-12,mocha
2030-07-13,awake
2030-07-14,worst
2030-07-15,flask
2030-07-16,ditty
2030-07-17,morse
2030-07-18,purse
2030-07-19,giles
2030-07-20,femur
2030-07-21,stone
2030-07-22,spoil
2030-07-23,seize
2030-07-24,priam
2030-07-25,gnome
2030-07-26,debug
2030-07-27,lewis
2030-07-28,mayor
2030-07-29,bragg
2030-07-30,verdi
2030-07-31,hertz
2030-08-01,pupae
2030-08-02,olive
2030-08-03,stung
2030-08-04,sepoy
2030-08-05,fleet
2030-08-06,patch
2030-08-07,ruddy
2030-08-08,leafy
2030-08-09,wordy
2030-08-10,fjord
2030-08-11,pedal
2030-08-12,abner
2030-08-13,plait
2030-08-14,grist
2030-08-15,faber
2030-08-16,twain
2030-08-17,adele
2030-08-18,bilge
2030-08-19,birch
2030-08-20,gaffe
2030-08-21,ultra
2030-08-22,diane
2030-08-23,chuck
2030-08-24,ethan
2030-08-25,given
2030-08-26,hippo
2030-08-27,misty
2030-08-28,teach
2030-08-29,sisal
2030-08-30,karen
2030-08-31,orono
2030-09-01,dewar
2030-09-02,oxbow
2030-09-03,mince
2030-09-04,crook
2030-09-05,wheat
2030-09-06,greed
2030-09-07,donor
2030-09-08,prone
2030-09-09,paine
2030-09-10,prior
2030-09-11,adept
2030-09-12,delta
2030-09-13,bribe
2030-09-14,jonas
2030-09-15,triad
2030-09-16,egypt
2030-09-17,abode
2030-09-18,reave
2030-09-19,bloat
2030-09-20,crawl
2030-09-21,abbot
2030-09-22,baste
2030-09-23,feast
2030-09-24,porte
2030-09-25,whack
2030-09-26,false
2030-09-27,gunny
2030-09-28,fuzzy
2030-09-29,sinus
2030-09-30,serif
2030-10-01,squat
2030-10-02,phyla
2030-10-03,hanoi
2030-10-04,irish
2030-10-05,biddy
2030-10-06,septa
2030-10-07,quota
2030-10-08,faery
2030-10-09,anode
2030-10-10,finch
2030-10-11,level
2030-10-12,swift
2030-10-13,oases
2030-10-14,musky
2030-10-15,utica
2030-10-16,sport
2030-10-17,vault
2030-10-18,lunch
2030-10-19,tenor
2030-10-20,crest
2030-10-21,mylar
2030-10-22,prong
2030-10-23,derby
2030-10-24,thing
2030-10-25,leper
2030-10-26,ionic
2030-10-27,forge
2030-10-28,papaw
2030-10-29,jerky
2030-10-30,excel
2030-10-31,ratio
2030-11-01,tardy
2030-11-02,fanny
2030-11-03,gases
2030-11-04,paean
2030-11-05,strut
2030-11-06,rinse
2030-11-07,stool
2030-11-08,swung
2030-11-09,rotor
2030-11-10,vitae
2030-11-11,extra
2030-11-12,moyer
2030-11-13,bliss
2030-11-14,ebony
2030-11-15,mangy
2030-11-16,vicar
2030-11-17,satan
2030-11-18,flood
2030-11-19,estes
2030-11-20,simon
2030-11-21,baldy
2030-11-22,marsh
2030-11-23,mimic
